grasscraft,816e2903-dd3f-3324-b9f5-5d8aff16d2a9
tommywong,8023c4fc-3d4d-33b2-aac3-e1894510e6f1
xi_luo,1c1a5267-9228-38ac-836f-a38b049a82a3
eternal_kingdom,0be9835d-1f13-3da8-aac7-159293d3d1a9
kbai_tm,6774899d-4e60-3041-bf8c-0620e1e8ff2a
strickczq,36f31fca-efd9-3e69-9047-11a246eec88f
tian_po_ace,c1387da8-3b74-303c-84be-e14f09fc7547
jutu12138,5ef5d4c4-daa6-3ab1-afe3-d74a074b2071
woshixxpp,3cdf7a63-a4ed-3a89-878f-b92640316737
motherfucker,2afa65c0-5d39-35a4-9e4c-1b741cf396ed
soneson,40fcf26f-898b-38ef-87c7-b6c672a62dbd
lovely_fengliao,48bf4d16-6afa-379a-80a0-7268c49ea6de
qilin,94ba9866-da1f-3ffd-a591-b8aa329b7e8e
ty087,ea112e46-9f8c-3fd4-ac52-bca02e53c47d
xiaoxia_summer,b09eae72-1882-3ab5-8543-376c3dd7d722
hailay,b741858e-4ac8-31dc-9218-2cef4aebf7a0
hailaylin,3c8bba07-75a6-31c0-a418-3d80014af2ca
rasalghul_,4b570b92-b70b-32e1-9e76-71945b6eb60c
strick,16fef344-06c8-3c27-b30a-f46390d529b6
a2060493577,2d3f25d1-d0a0-386b-a07e-4211a65a1e6e
tonky,a81dd478-830a-39c8-9e91-dcb7895a3519
zd0g3,0a7b294d-e3dc-33c9-a297-dc7db3373072
jasonhung721,09942b49-4954-32e2-8337-c912e00069f9
azure,21b80d08-f081-3dcc-8a45-fd89ac5d4175
mc_sfbwg,06f6bd29-1a42-3b94-9b25-8e517b225d15
s3cgv,786ce739-b657-3b36-92c8-b19cdcefc9e0
fyjl112,5bc1f353-8010-3fc6-87dd-13542f35fd68
perak321,990c9659-1d4b-3288-a3d9-3935c7e0fbd4
huangxians,ffa24d70-1e58-33b8-b5a7-869d98ab4146
orange0juice,981e047b-6beb-31a3-ab4d-a904d98bc1f7
goccoo,e44d5563-780f-3bed-a368-f0046748ea2c
fff,1c0f5a05-5835-312d-9811-f3a073ddbdba
0v0,875aca96-1608-3197-b2a0-e710bf611f96
w_t_f,1804b31a-1b91-35e3-b7f8-a268041cd6c6
jsjwhsu,422a5b21-dc42-397a-861f-72cca1a7694f
sailay,38c86fc5-6c6c-31c8-8741-02b66e1375d8
andy,e89ebd72-61f6-3384-bbba-f8256df5f034
saraphines,9ddaddd7-febc-372d-b303-74624fbf224c
shen_hua,9b1e5fc8-18b0-3562-9a14-559acce2f06a
bbp,cde71a35-adac-3755-b4eb-8f241091fb33
rna_191364461,abd35ce0-f83f-323b-9558-614ec8451f45
xfyt,136fab61-f8f3-36e3-8608-cdefe3e9a16a
yanyujiang_owo,22a5f6c4-0004-3f2c-8d5b-7d3dc10b4a05
prezen,5c7a7722-d9b3-3874-9d85-f7ccd1d88972
1025,48c12e11-261c-3a1d-9f58-c3365bf6f580
katarina,ba70b917-80c1-30a3-adc3-2b5fffa3b330
tinatinatina,25889a7e-d2cc-3b1f-8106-2785a2a948ec
notch,b50ad385-829d-3141-a216-7e7d7539ba7f
jia_chon,e7e004fc-60b4-3ed7-8b62-909677833d12
endlessend,2175d11f-094a-34d5-981a-087053b71bcc
blueheron57,04a83629-0ced-30ed-a81d-03c8510f7973
peter_pig,6c80d6c2-b386-3cbb-b21e-72579dd0e68e
jingjinghack,1341a684-e4c1-321c-9f5b-40506593ebfb
love,8cb46204-7d01-33c8-8f5c-1466f52186b9
handsome,9e28b471-10f5-30fd-9146-14ccfeff24c3
ink_lotus,95ea0cc5-975b-36cb-81bc-5d566902c38b
qiqi_,7b51d685-afac-3294-aaae-2aefc2e37fc4
kid,7d0bbbcc-fe8e-31b2-b614-a5d97294de2f
future_zombies,fa738605-d618-3c24-ae02-a167532dd78a
zokio1,d3440e60-3a4c-30a0-a137-13f533624bcb
servertext,b3767649-85b2-3afd-9e8e-1091d19e7734
yyh,2688e77f-be03-3c00-b36e-8e83e3361023
skjaaercvb,19ff285f-1dda-3319-8c25-202271d3ff8a
ghost,2b6c795d-6b4b-373c-bbf0-2a727527e75d
gua_xiao_ye,d936b068-5204-3eda-a28c-4dc894e7fce8
k_baby,57582ba0-8ca0-3afe-9c49-0b90503ef670
joycee,e6f5cf25-cf33-32a6-97da-7b2986254afe
hohoharry,6959daaf-18ae-3c8f-a7f5-a5ae50449700
xavier,d025cda8-2b5c-3acc-9178-52afdc6a0bc9
hkd123,e070e510-7d69-3fe1-a368-9f66a1a6dac9
deadmoon,925bf2d8-e4cb-3662-ad70-3befc59db3d0
yeiloucd,5220899b-1542-32b3-9b80-bb44ce0379da
12ifg,b43849bf-2772-3e65-bd80-00ca39c0a7d2
yynj,2470053a-02cc-3366-a5d8-95becf5d1539
fyjl,efa07376-991d-3b0f-b73a-a0d311dd8430
zhu_wen,2ffaf9ab-3f7f-3eab-b01a-5067b028236f
de_zhao,59d15473-b514-3f2c-860a-ad735695cc43
yutianku,895d8e8e-999d-3e95-931b-ed74eb8fac5d
23333333,f695d5d9-8060-3303-aa0d-cf7990888693
ssced,0e1adbf3-f73b-36d5-83fd-f9b2cc5e712d
a_luoluo,72f68473-2d61-3a7d-8b8d-d780e668b3d0
servertest,ffd33ff2-bbf6-3810-b07b-bba8353eb3d5
zan_dou_xier,1d652f83-69e9-3c6b-9b55-2820fc5c2e65
batman,9b67fd52-d3d0-37e5-aec4-14d7c9050a26
jioke,aa89e1f1-9be0-31a4-bbc6-b40874d6cc2e
qiguaiwudi123,9ab1d234-0d54-394e-b6fa-cf9ae24b04bc
guiqi,8e3b51d0-db69-3aef-94e4-5e658b6d36f3
oeange0juice,55692875-bc39-34be-9d3e-6bd9516b2bae
biglod,2c0ee67d-ff1b-3c2d-a2b7-aa0560633bda
kagurazaka_shira,45cd29d1-6da4-3888-9b78-1f6ac1e0daae
ty87,f8f641b9-2245-34ca-9b18-ff98929ef1d1
clar,1f40ba30-e981-3008-b800-72d3bb3e01d2
xiaochao,57cc0ffd-d0b5-30da-9666-ee07880794c7
